Case Id;Title;Date;Priority;Planned duration (minutes);Test Areas;Average Duration;Tags;Objective;Test Data;Preconditions & Assumptions
new;Modular input variable validation;2016-07-18;0;;"";0;ConfigureDataCollection;"";"";""
"";Step Id;Action;Result
"";new;"Create project and add modular input";"Dummy result"
"";new;"Add variable with name '$'";"Dummy result"
"";new;"Save and restart splunk";"Dummy result"
new;Field extraction number only;2016-07-18;0;;"";0;ConfigureDataCollection;"";"";""
"";Step Id;Action;Result
"";new;"Create project and add modular inputs";"Dummy result"
"";new;"Uncomment code in modular inputs so events will be random numbers";"Dummy result"
"";new;"Restart";"Dummy result"
"";new;"Wait to let splunk index much events.";"Dummy result"
"";new;"In field extraction page, parse the sourcetype";"Dummy result"
"";new;"Numbers should be grouped in the same group";"Dummy result"
"";new;"Regex should match all events in group";"Dummy result"
new;Add scroll bar inside output box;2016-07-18;0;;"";0;ConfigureDataCollection;"";"";""
"";Step Id;Action;Result
"";new;Dummy action;Dummy result
new;Setup page setting file is not updated after renaming project;2016-07-18;0;;"";0;ConfigureDataCollection;"";"";""
"";Step Id;Action;Result
"";new;"Create project and setup page";"Dummy result"
"";new;"Restart";"Dummy result"
"";new;"Rename project";"Dummy result"
"";new;"Restart";"Dummy result"
"";new;"Open setup page";"Dummy result"
new;Try run data input does not work in splunk free editiion;2016-07-18;0;;"";0;ConfigureDataCollection;"";"";""
"";Step Id;Action;Result
"";new;Dummy action;Dummy result
new;Check rest api headers and parameters display order;2016-07-18;0;;"";0;ConfigureDataCollection;"";"";""
"";Step Id;Action;Result
"";new;"Create project";"Dummy result"
"";new;"Add REST API input";"Dummy result"
"";new;"Add headers: h1, h2 parameters: p1, p2";"Dummy result"
"";new;"Click on Save";"Dummy result"
"";new;"Click on Edit";"Dummy result"
new;Enable disable modular input;2016-07-18;0;;"";0;ConfigureDataCollection;"";"";""
"";Step Id;Action;Result
"";new;"Create project";"Dummy result"
"";new;"Create modular input";"Dummy result"
"";new;"Before click on 'Next' and restart splunk, click on 'disable' and then 'enable' the modular input";"Dummy result"
new;Test modular input execution;2016-07-18;0;;"";0;ConfigureDataCollection;"";"";""
"";Step Id;Action;Result
"";new;Dummy action;Dummy result
new;Testing modular input will fail when add new variable and edit code before restart;2016-07-18;0;;"";0;ConfigureDataCollection;"";"";""
"";Step Id;Action;Result
"";new;"Create project and modular input";"Dummy result"
"";new;"Restart";"Dummy result"
"";new;"Add new variable for modular input";"Dummy result"
"";new;"Click on 'Code'";"Dummy result"
"";new;"Click on 'Test' button";"Dummy result"
new;Go to setup info page;2016-07-18;0;;"";0;ConfigureDataCollection;"";"";""
"";Step Id;Action;Result
"";new;Dummy action;Dummy result
new;Configure setup info;2016-07-18;0;;"";0;ConfigureDataCollection;"";"";""
"";Step Id;Action;Result
"";new;Dummy action;Dummy result
new;Modular input interval;2016-07-18;0;;"";0;ConfigureDataCollection;"";"";""
"";Step Id;Action;Result
"";new;Dummy action;Dummy result
new;Save parameters in created setup page;2016-07-18;0;;"";0;ConfigureDataCollection;"";"";""
"";Step Id;Action;Result
"";new;Dummy action;Dummy result
new;Configure custom modular input variable;2016-07-18;0;;"";0;ConfigureDataCollection;"";"";""
"";Step Id;Action;Result
"";new;"Create project";"Dummy result"
"";new;"Create modular input";"Dummy result"
"";new;"Restart";"Dummy result"
"";new;"Edit modular input";"Dummy result"
"";new;"Delete custom variables if any";"Dummy result"
new;Custom variable required checkbox;2016-07-18;0;;"";0;ConfigureDataCollection;"";"";""
"";Step Id;Action;Result
"";new;Dummy action;Dummy result
new;Validate html injection prevention;2016-07-18;0;;"";0;ConfigureDataCollection;"";"";""
"";Step Id;Action;Result
"";new;Dummy action;Dummy result
new;Configure setup page customized variable;2016-07-18;0;;"";0;ConfigureDataCollection;"";"";""
"";Step Id;Action;Result
"";new;Dummy action;Dummy result
new;Rest headers and parameters field validation;2016-07-18;0;;"";0;ConfigureDataCollection;"";"";""
"";Step Id;Action;Result
"";new;Dummy action;Dummy result
new;Create rest api input;2016-07-18;0;;"";0;ConfigureDataCollection;"";"";""
"";Step Id;Action;Result
"";new;Dummy action;Dummy result
new;Create command input;2016-07-18;0;;"";0;ConfigureDataCollection;"";"";""
"";Step Id;Action;Result
"";new;Dummy action;Dummy result
new;Create modular input;2016-07-18;0;;"";0;ConfigureDataCollection;"";"";""
"";Step Id;Action;Result
"";new;Dummy action;Dummy result
new;Hide parameters for rest api get method;2016-07-18;0;;"";0;ConfigureDataCollection;"";"";""
"";Step Id;Action;Result
"";new;Dummy action;Dummy result
new;User could not specify modular input parameter value in builder;2016-07-18;0;;"";0;ConfigureDataCollection;"";"";""
"";Step Id;Action;Result
"";new;Dummy action;Dummy result
new;Custome modular input variables field validation;2016-07-18;0;;"";0;ConfigureDataCollection;"";"";""
"";Step Id;Action;Result
"";new;Dummy action;Dummy result
new;Restart action required before navigate next;2016-07-18;0;;"";0;ConfigureDataCollection;"";"";""
"";Step Id;Action;Result
"";new;Dummy action;Dummy result
new;Edit rest api input;2016-07-18;0;;"";0;ConfigureDataCollection;"";"";""
"";Step Id;Action;Result
"";new;Dummy action;Dummy result
new;Edit command input;2016-07-18;0;;"";0;ConfigureDataCollection;"";"";""
"";Step Id;Action;Result
"";new;Dummy action;Dummy result
new;Edit modular input;2016-07-18;0;;"";0;ConfigureDataCollection;"";"";""
"";Step Id;Action;Result
"";new;Dummy action;Dummy result
new;Check modular input status consistency;2016-07-18;0;;"";0;ConfigureDataCollection;"";"";""
"";Step Id;Action;Result
"";new;Dummy action;Dummy result
new;Run rest api input;2016-07-18;0;;"";0;ConfigureDataCollection;"";"";""
"";Step Id;Action;Result
"";new;Dummy action;Dummy result
new;Run command input;2016-07-18;0;;"";0;ConfigureDataCollection;"";"";""
"";Step Id;Action;Result
"";new;Dummy action;Dummy result
new;Run modular input;2016-07-18;0;;"";0;ConfigureDataCollection;"";"";""
"";Step Id;Action;Result
"";new;Dummy action;Dummy result
new;Modular input commented code;2016-07-18;0;;"";0;ConfigureDataCollection;"";"";""
"";Step Id;Action;Result
"";new;Dummy action;Dummy result
new;Multiple events support for custom modinput;2016-07-18;0;;"";0;ConfigureDataCollection;"";"";""
"";Step Id;Action;Result
"";new;"<p>Create a project</p>";"Dummy result"
"";new;"<p>Create a customized modular input</p>";"Dummy result"
"";new;"<p>Go to the coding page, edit the code, make sure the modular input returns 3 events when it runs for one time</p>";"Dummy result"
"";new;"<p>Test the code</p>";"Dummy result"
new;Try run code terminate;2016-07-18;0;;"";0;ConfigureDataCollection;"";"";""
"";Step Id;Action;Result
"";new;Dummy action;Dummy result
new;Change setup info page;2016-07-18;0;;"";0;ConfigureDataCollection;"";"";""
"";Step Id;Action;Result
"";new;"Create a setup page in add-on";"Dummy result"
"";new;"Restart and open the add-on setup page";"Dummy result"
"";new;"Open add-on in builder. Change the setup info by add more variables.";"Dummy result"
"";new;"Restart and open the add-on setup page";"Dummy result"
new;Delete rest api input;2016-07-18;0;;"";0;ConfigureDataCollection;"";"";""
"";Step Id;Action;Result
"";new;Dummy action;Dummy result
new;Delete command input;2016-07-18;0;;"";0;ConfigureDataCollection;"";"";""
"";Step Id;Action;Result
"";new;Dummy action;Dummy result
new;Delete custome modular input;2016-07-18;0;;"";0;ConfigureDataCollection;"";"";""
"";Step Id;Action;Result
"";new;Dummy action;Dummy result
new;Check page navigation;2016-07-18;0;;"";0;ConfigureDataCollection;"";"";""
"";Step Id;Action;Result
"";new;Dummy action;Dummy result
new;Use modular input variables to configure;2016-07-18;0;;"";0;ConfigureDataCollection;"";"";""
"";Step Id;Action;Result
"";new;Dummy action;Dummy result
new;Check addon bin folder without modinput;2016-07-18;0;;"";0;ConfigureDataCollection;"";"";""
"";Step Id;Action;Result
"";new;Dummy action;Dummy result
new;Create sourcetype;2016-07-18;0;;"";0;ConfigureSourcetypes;"";"";""
"";Step Id;Action;Result
"";new;Dummy action;Dummy result
new;Create existing sourcetype;2016-07-18;0;;"";0;ConfigureSourcetypes;"";"";""
"";Step Id;Action;Result
"";new;Dummy action;Dummy result
new;Import sourcetype;2016-07-18;0;;"";0;ConfigureSourcetypes;"";"";""
"";Step Id;Action;Result
"";new;Dummy action;Dummy result
new;Edit sourcetype;2016-07-18;0;;"";0;ConfigureSourcetypes;"";"";""
"";Step Id;Action;Result
"";new;Dummy action;Dummy result
new;Display sourcetypes;2016-07-18;0;;"";0;ConfigureSourcetypes;"";"";""
"";Step Id;Action;Result
"";new;Dummy action;Dummy result
new;Delete sourcetype;2016-07-18;0;;"";0;ConfigureSourcetypes;"";"";""
"";Step Id;Action;Result
"";new;Dummy action;Dummy result
new;Delete data input sourcetype;2016-07-18;0;;"";0;ConfigureSourcetypes;"";"";""
"";Step Id;Action;Result
"";new;Dummy action;Dummy result
new;Delete sourcetype after cim mapping;2016-07-18;0;;"";0;ConfigureSourcetypes;"";"";""
"";Step Id;Action;Result
"";new;"Use add-on Builder to create a new TA";"Dummy result"
"";new;"add a sourcetype in step 3, upload some sample for it";"Dummy result"
"";new;"Do some CIM mapping for it";"Dummy result"
"";new;"Jump to step 3 again, delete the created sourcetype";"Dummy result"
new;Upload sample;2016-07-18;0;;"";0;ConfigureSourcetypes;"";"";""
"";Step Id;Action;Result
"";new;Dummy action;Dummy result
new;Data preview for uploaded sample;2016-07-18;0;;"";0;ConfigureSourcetypes;"";"";""
"";Step Id;Action;Result
"";new;Dummy action;Dummy result
new;Loading sourcetype list performance;2016-07-18;0;;"";0;ConfigureSourcetypes;"";"";""
"";Step Id;Action;Result
"";new;Dummy action;Dummy result
new;Default props conf settings consistency;2016-07-18;0;;"";0;ConfigureSourcetypes;"";"";""
"";Step Id;Action;Result
"";new;Dummy action;Dummy result
new;Sourcetype page navigation;2016-07-18;0;;"";0;ConfigureSourcetypes;"";"";""
"";Step Id;Action;Result
"";new;Dummy action;Dummy result
new;List splunk sourcetype;2016-07-18;0;;"";0;ConfigureSourcetypes;"";"";""
"";Step Id;Action;Result
"";new;"<p>Create a few sourcetype in Splunk by injecting some data</p>";"Dummy result"
"";new;"<p>Create addon with a few sourcetype added</p>";"Dummy result"
"";new;"<p>Create new addon.</p>";"Dummy result"
"";new;"<p>In 'Add Sample Data' page, click on 'Add From Splunk' button</p>";"<p>Dialogue box pop up to allow selecting sourcetype</p>"
"";new;"<p>Click on dropdown list</p>";"<p>All Splunk sourcetype displayed in list</p>"
"";new;"<p>Edit filter</p>";"<p>Only matched sourcetype is listed</p>"
"";new;"<p>Add a sourcetype from Splunnk</p>
<p>Create a sourcetype from File</p>";"Dummy result"
"";new;"<p>Click on Add from Splunk again</p>";"<p>The added sourcetypes are not listed</p>"
"";new;"<p>Deleted the added sourcetype and click on 'Add From Splunk'</p>";"<p>The deleted sourcetype is listed.</p>"
new;Add sourcetype from splunk;2016-07-18;0;;"";0;ConfigureSourcetypes;"";"";""
"";Step Id;Action;Result
"";new;"<p>Create sourcetype in Splunk and index some data (or using existing TA and eventgen data)</p>";"Dummy result"
"";new;"<p>Create add-on with add-on builder</p>";"Dummy result"
"";new;"<p>In Add Sample Data page, click 'Add From Splunk' button.</p>";"<p>&nbsp;Should see the sourcetype in drop-down list</p>"
"";new;"<p>Select the sourcetype from list and click on save</p>";"<p>The sourcetype should be listed in sourcetype table</p>"
"";new;"<p>Check backend props.conf and transforms.conf</p>";"<p>The index time field extraction settings are copied into these two files.</p>"
"";new;"<p>Go to the field extraction page&nbsp;</p>";"<p>&nbsp;The sourcetype is added</p>"
"";new;"<p>Go to Map to CIM page. Add new eventtype</p>";"<p>The sourcetype is added.</p>"
"";new;"<p>Go to Summarize page</p>";"<p>The sourcetype is listed</p>"
new;Delete sourcetype from splunk;2016-07-18;0;;"";0;ConfigureSourcetypes;"";"";""
"";Step Id;Action;Result
"";new;"<p>Create add-on and add sourcetype from Splunk.</p>
<p>Parse field extraction and add CIM mapping</p>";"Dummy result"
"";new;"<p>Delete the sourcetype and click on 'Cancel'</p>";"<p>The sourcetype is not deleted.</p>"
"";new;"<p>Delete the sourcetype and click on 'Delete'</p>";"<p>The sourcetype is deleted.</p>"
"";new;"<p>Check backend props.conf and transforms.conf</p>";"<p>The knowledge objects are removed.</p>"
"";new;"<p>Go to field extraction page</p>";"<p>The sourcetype is removed from drop-down list</p>"
"";new;"<p>Go to Map to CIM and click on 'Add Eventtype'</p>";"<p>The sourcetype is removed from drop-down list</p>"
"";new;"<p>Go to summarize page</p>";"<p>The sourcetype is rremoved from table.</p>"
"";new;"<p>Go to Sourcetype page. Add the sourcetype from Splunk again.</p>";"<p>The sourcetype is added.</p>"
new;Edit sourcetype from splunk;2016-07-18;0;;"";0;ConfigureSourcetypes;"";"";""
"";Step Id;Action;Result
"";new;"<p>Import sourcetype from Splunk</p>";"Dummy result"
"";new;"<p>Click on 'Edit'</p>";"<p>The sourcetype edit page shows. The index-time extraction is same as original sourcetype&nbsp;</p>"
"";new;"<p>Edit some setting and click on Save</p>";"Dummy result"
"";new;"<p>Edit the sourcetype again</p>";"<p>The change is saved.</p>"
"";new;"<p>Check backend conf files</p>";"<p>props.conf and transforms.conf are updated</p>"
new;Check sourcetype default settings;2016-07-18;0;;"";0;ConfigureSourcetypes;"";"";""
"";Step Id;Action;Result
"";new;Dummy action;Dummy result
new;Parse sourcetype;2016-07-18;0;;"";0;FieldExtraction;"";"";""
"";Step Id;Action;Result
"";new;Dummy action;Dummy result
new;Check enable/disable checkbox;2016-07-18;0;;"";0;FieldExtraction;"";"";""
"";Step Id;Action;Result
"";new;Dummy action;Dummy result
new;Sourcetype naming convention;2016-07-18;0;;"";0;FieldExtraction;"";"";""
"";Step Id;Action;Result
"";new;"Create project and restart";"Dummy result"
"";new;"Create sourcetype test1:test2 and upload samples";"Dummy result"
"";new;"Parse the sourcetype and save";"Dummy result"
"";new;"Check props.conf";"Dummy result"
new;No events validation for sourcetype;2016-07-18;0;;"";0;FieldExtraction;"";"";""
"";Step Id;Action;Result
"";new;"Create project and restart";"Dummy result"
"";new;"Add a new sourcetype";"Dummy result"
"";new;"In field extraction page, select the sourcetype and click on 'Parse'";"Dummy result"
new;Parse one sourcetype at a time;2016-07-18;0;;"";0;FieldExtraction;"";"";""
"";Step Id;Action;Result
"";new;"Create project, two sourcetypes and upload samples";"Dummy result"
"";new;"In field extraction page, select one sourcetype and click on 'Parse'";"Dummy result"
new;Special events field extraction parsing;2016-07-18;0;;"";0;FieldExtraction;"";"";""
"";Step Id;Action;Result
"";new;"Upload the attached samples to sourcetype";"Dummy result"
"";new;"In field extraction page, click on 'Parse'";"Dummy result"
new;Field extraction timestamps;2016-07-18;0;;"";0;FieldExtraction;"";"";""
"";Step Id;Action;Result
"";new;Dummy action;Dummy result
new;Sourcetype name validation;2016-07-18;0;;"";0;FieldExtraction;"";"";""
"";Step Id;Action;Result
"";new;"Create sourcetype event with Chinese character";"Dummy result"
"";new;"Parse the sourcetype in field extraction builder.";"Dummy result"
new;Csv format events recognition;2016-07-18;0;;"";0;FieldExtraction;"";"";""
"";Step Id;Action;Result
"";new;"Create project";"Dummy result"
"";new;"Add REST API with below";"Dummy result"
"";new;"Restart";"Dummy result"
"";new;"In field extraction page, parse the created sourcetype";"Dummy result"
new;Kv support on windows;2016-07-18;0;;"";0;FieldExtraction;"";"";""
"";Step Id;Action;Result
"";new;Dummy action;Dummy result
new;Parsing performance front end;2016-07-18;0;;"";0;FieldExtraction;"";"";""
"";Step Id;Action;Result
"";new;Dummy action;Dummy result
new;Hardcode field value support;2016-07-18;0;;"";0;FieldExtraction;"";"";""
"";Step Id;Action;Result
"";new;Dummy action;Dummy result
new;Field extraction coverage and accuracy;2016-07-18;0;;"";0;FieldExtraction;"";"";""
"";Step Id;Action;Result
"";new;Dummy action;Dummy result
new;List sourcetype;2016-07-18;0;;"";0;FieldExtraction;"";"";""
"";Step Id;Action;Result
"";new;Dummy action;Dummy result
new;Load parse result;2016-07-18;0;;"";0;FieldExtraction;"";"";""
"";Step Id;Action;Result
"";new;Dummy action;Dummy result
new;Rename field;2016-07-18;0;;"";0;FieldExtraction;"";"";""
"";Step Id;Action;Result
"";new;"Open field extraction result page.";"Dummy result"
"";new;"Unhighlight one field.";"Dummy result"
"";new;"Change the field name and click on confirm";"Dummy result"
new;Change regex;2016-07-18;0;;"";0;FieldExtraction;"";"";""
"";Step Id;Action;Result
"";new;Dummy action;Dummy result
new;Delete extracted field;2016-07-18;0;;"";0;FieldExtraction;"";"";""
"";Step Id;Action;Result
"";new;"Dummy action";"Dummy result"
new;Disable group;2016-07-18;0;;"";0;FieldExtraction;"";"";""
"";Step Id;Action;Result
"";new;Dummy action;Dummy result
new;Field extraction summary;2016-07-18;0;;"";0;FieldExtraction;"";"";""
"";Step Id;Action;Result
"";new;Dummy action;Dummy result
new;Natural language format coverage;2016-07-18;0;;"";0;FieldExtraction;"";"";""
"";Step Id;Action;Result
"";new;Dummy action;Dummy result
new;Check field extraction page navigation;2016-07-18;0;;"";0;FieldExtraction;"";"";""
"";Step Id;Action;Result
"";new;Dummy action;Dummy result
new;Disable small group;2016-07-18;0;;"";0;FieldExtraction;"";"";""
"";Step Id;Action;Result
"";new;Dummy action;Dummy result
new;Delete field extraction result;2016-07-18;0;;"";0;FieldExtraction;"";"";""
"";Step Id;Action;Result
"";new;"<p>Create sourcetype and upload sample data</p>";"Dummy result"
"";new;"<p>In field extraction page, select the sourcetype and parse with unstructured format</p>";"<p>The delete button should be disabled</p>"
"";new;"<p>Modify the parsing results and click on save</p>";"Dummy result"
"";new;"<p>Delete the parse result of the sourcetype</p>";"<p>The parse result should be deleted.</p>"
"";new;"<p>Parse the sourcetype again.</p>";"<p>The previous change should disappear</p>"
new;Sourcetype parse overwrite;2016-07-18;0;;"";0;FieldExtraction;"";"";""
"";Step Id;Action;Result
"";new;"<p>Create sourcetype and upload sample data</p>";"Dummy result"
"";new;"<p>Parse it with unstructured data format and save the results</p>";"Dummy result"
"";new;"<p>Parse it with Table format and save the results</p>";"Dummy result"
"";new;"<p>Load the Parse Result</p>";"<p>The Table format result is loaded. The unstructured data format result is overwritten</p>"
new;Parse xml format;2016-07-18;0;;"";0;FieldExtraction;"";"";""
"";Step Id;Action;Result
"";new;"<p>Create add-on</p>";"Dummy result"
"";new;"<p>Create test sourcetype and upload XML sample</p>";"Dummy result"
"";new;"<p>In field extraction page, select sourcetype, xml format and click on parse</p>";"<p>XML events are displayed correctly</p>"
"";new;"<p>Click on Save</p>";"<p>&nbsp;The props.conf file is updated with KV_MODE=xml</p>"
"";new;"<p>Select sourcetype</p>";"<p>It shows format is XML</p>"
"";new;"<p>Load Results</p>";"<p>The XML events page is opened</p>"
new;Parse imported sourcetype;2016-07-18;0;;"";0;FieldExtraction;"";"";""
"";Step Id;Action;Result
"";new;"<p>Add sourcetype from Splunk</p>";"Dummy result"
"";new;"<p>Parse it in field extraction page.</p>";"<p>The parse complete successful. Soucetype is added in table.</p>"
"";new;"<p>Load parsing results</p>";"<p>Displayed correctly. At backend, conf files are updated.</p>"
"";new;"<p>Modify field extraction and save</p>";"<p>Updated correctly. Backend is changed.</p>"
"";new;"<p>Delete the field extraction results</p>";"<p>Cleaned. Backend confs are updated.</p>"
new;Summary table display;2016-07-18;0;;"";0;FieldExtraction;"";"";""
"";Step Id;Action;Result
"";new;"<p>Create sourcetypes and add samples</p>";"Dummy result"
"";new;"<p>Parse sourcetypes with different formats</p>";"<p>The parsed sourcetype should be displayed correctly.</p>"
"";new;"<p>Click on Load Result</p>";"<p>The result page show up</p>"
"";new;"<p>Re-parse the sourcetype with another format and save</p>";"<p>The table should update</p>"
"";new;"<p>Delete sourcetype from table and confirm</p>";"<p>&nbsp;The sourcetype should be removed from table</p>
<p>Drop-down list text should be updated.</p>"
new;Hide disabled addon;2016-07-18;0;;"";0;HomePage;"";"";""
"";Step Id;Action;Result
"";new;"Create project and restart";"Dummy result"
"";new;"In Apps page, disable the created project";"Dummy result"
"";new;"Restart";"Dummy result"
"";new;"Open add-on builder";"Dummy result"
new;Check page display;2016-07-18;0;;"";0;HomePage;"";"";""
"";Step Id;Action;Result
"";new;Dummy action;Dummy result
new;Check profile display;2016-07-18;0;;"";0;HomePage;"";"";""
"";Step Id;Action;Result
"";new;Dummy action;Dummy result
new;Sort projects;2016-07-18;0;;"";0;HomePage;"";"";""
"";Step Id;Action;Result
"";new;Dummy action;Dummy result
new;Filter projects;2016-07-18;0;;"";0;HomePage;"";"";""
"";Step Id;Action;Result
"";new;Dummy action;Dummy result
new;Create project;2016-07-18;0;;"";0;HomePage;"";"";""
"";Step Id;Action;Result
"";new;Dummy action;Dummy result
new;Check last modified time;2016-07-18;0;;"";0;HomePage;"";"";""
"";Step Id;Action;Result
"";new;Dummy action;Dummy result
new;Open created project;2016-07-18;0;;"";0;HomePage;"";"";""
"";Step Id;Action;Result
"";new;Dummy action;Dummy result
new;Open installed project;2016-07-18;0;;"";0;HomePage;"";"";""
"";Step Id;Action;Result
"";new;Dummy action;Dummy result
new;Delete project with objects created;2016-07-18;0;;"";0;HomePage;"";"";""
"";Step Id;Action;Result
"";new;"<p>&nbsp;Click 'X' on right top coner of a project profile.</p>";"<p>&nbsp;A pop-up window shows up to prompt confirmation.</p>"
"";new;"<p>&nbsp;Click 'Delete'.</p>";"<p>&nbsp;Project will be deleted and splunk will forcely restart.&nbsp;</p>"
"";new;"<p>&nbsp;Check project list on UI.</p>";"<p>&nbsp;The project is removed.</p>"
"";new;"<p>&nbsp;Check backend conf and related files.</p>";"<p>&nbsp;Related files is removed.</p>"
new;Rotate temp files;2016-07-18;0;;"";0;Misc;"";"";""
"";Step Id;Action;Result
"";new;Dummy action;Dummy result
new;Project status progress;2016-07-18;0;;"";0;Misc;"";"";""
"";Step Id;Action;Result
"";new;"Create a add-on";"Dummy result"
"";new;"Click on Next until to the sourcetype page";"Dummy result"
"";new;"Add a few sourcetype";"Dummy result"
"";new;"Click on Home click to go back landing page";"Dummy result"
"";new;"The progress is not updated, still 20%.";"Dummy result"
"";new;"The data collection and sourcetype icon is in-grey, although configured previously.";"Dummy result"
new;Navigate by step icon;2016-07-18;0;;"";0;Misc;"";"";""
"";Step Id;Action;Result
"";new;"Enter Add-on Builder.";"Dummy result"
"";new;"Click on the text of left panel icon, such as ' Field Extraction'";"Dummy result"
new;Check prompt infomation dialog;2016-07-18;0;;"";0;Misc;"";"";""
"";Step Id;Action;Result
"";new;Dummy action;Dummy result
new;"User with no ""admin"" power is able to create ta and run validation";2016-07-18;0;;"";0;Misc;"";"";""
"";Step Id;Action;Result
"";new;Dummy action;Dummy result
new;Blank home page when splunkd port is not 8089;2016-07-18;0;;"";0;Misc;"";"";""
"";Step Id;Action;Result
"";new;"Dummy action";"Dummy result"
new;Check restart procedure;2016-07-18;0;;"";0;Misc;"";"";""
"";Step Id;Action;Result
"";new;Dummy action;Dummy result
new;Splunk platform compatibility;2016-07-18;0;;"";0;Misc;"";"";""
"";Step Id;Action;Result
"";new;Dummy action;Dummy result
new;Browser compatibility;2016-07-18;0;;"";0;Misc;"";"";""
"";Step Id;Action;Result
"";new;Dummy action;Dummy result
new;Check permission;2016-07-18;0;;"";0;Misc;"";"";""
"";Step Id;Action;Result
"";new;Dummy action;Dummy result
new;Backward compatibility;2016-07-18;0;;"";0;Misc;"";"";""
"";Step Id;Action;Result
"";new;Dummy action;Dummy result
new;Cluster environment compatibility;2016-07-18;0;;"";0;Misc;"";"";""
"";Step Id;Action;Result
"";new;Dummy action;Dummy result
new;Exclusive project name;2016-07-18;0;;"";0;NameAddon;"";"";""
"";Step Id;Action;Result
"";new;Dummy action;Dummy result
new;Check project name generating rules;2016-07-18;0;;"";0;NameAddon;"";"";""
"";Step Id;Action;Result
"";new;"Dummy action";"Dummy result"
new;Project name validation;2016-07-18;0;;"";0;NameAddon;"";"";""
"";Step Id;Action;Result
"";new;Dummy action;Dummy result
new;Rename addon;2016-07-18;0;;"";0;NameAddon;"";"";""
"";Step Id;Action;Result
"";new;Dummy action;Dummy result
new;Create common project info;2016-07-18;0;;"";0;NameAddon;"";"";""
"";Step Id;Action;Result
"";new;Dummy action;Dummy result
new;Edit common project info;2016-07-18;0;;"";0;NameAddon;"";"";""
"";Step Id;Action;Result
"";new;Dummy action;Dummy result
new;Check visible checkbox;2016-07-18;0;;"";0;NameAddon;"";"";""
"";Step Id;Action;Result
"";new;Dummy action;Dummy result
new;Check addon visible color scheme;2016-07-18;0;;"";0;NameAddon;"";"";""
"";Step Id;Action;Result
"";new;Dummy action;Dummy result
new;Upload project icon;2016-07-18;0;;"";0;NameAddon;"";"";""
"";Step Id;Action;Result
"";new;Dummy action;Dummy result
new;Check name project page navigation;2016-07-18;0;;"";0;NameAddon;"";"";""
"";Step Id;Action;Result
"";new;Dummy action;Dummy result
new;Check restart action;2016-07-18;0;;"";0;NameAddon;"";"";""
"";Step Id;Action;Result
"";new;"Create new project and enter name";"Dummy result"
"";new;"Repeatedly click on 'Next' button in fast pace.";"Dummy result"
new;Check addon builder conf;2016-07-18;0;;"";0;NameAddon;"";"";""
"";Step Id;Action;Result
"";new;Dummy action;Dummy result
new;Raise error visible addon has no icon;2016-07-18;0;;"";0;NameAddon;"";"";""
"";Step Id;Action;Result
"";new;Dummy action;Dummy result
new;Conf for cim mapping consistency;2016-07-18;0;;"";0;NormalizeData;"";"";""
"";Step Id;Action;Result
"";new;"Use add-on Builder to create a new TA";"Dummy result"
"";new;"Add a sourcetype ""sourcetype:eval"" to it, and upload some sample";"Dummy result"
"";new;"Add an eventtype based on the sourcetype";"Dummy result"
"";new;"In the CIM mapping part, do a MAP/EVAL action, example: Map AUTOID to Alerts.app";"Dummy result"
"";new;"Do a MAP/EVAL again, example: EVAL  dest_ip to Alerts.dest";"Dummy result"
new;Sourcetype list display;2016-07-18;0;;"";0;NormalizeData;"";"";""
"";Step Id;Action;Result
"";new;Dummy action;Dummy result
new;'*' tailing eventtype query trim;2016-07-18;0;;"";0;NormalizeData;"";"";""
"";Step Id;Action;Result
"";new;Dummy action;Dummy result
new;Tags conf eventtype conf consistency;2016-07-18;0;;"";0;NormalizeData;"";"";""
"";Step Id;Action;Result
"";new;Dummy action;Dummy result
new;Display performance;2016-07-18;0;;"";0;NormalizeData;"";"";""
"";Step Id;Action;Result
"";new;Dummy action;Dummy result
new;Eval field validation;2016-07-18;0;;"";0;NormalizeData;"";"";""
"";Step Id;Action;Result
"";new;Dummy action;Dummy result
new;Data model sub category support;2016-07-18;0;;"";0;NormalizeData;"";"";""
"";Step Id;Action;Result
"";new;Dummy action;Dummy result
new;Add eventtype using spl query;2016-07-18;0;;"";0;NormalizeData;"";"";""
"";Step Id;Action;Result
"";new;"Use add-on Builder to create a new TA";"Dummy result"
"";new;"In step 3, add a sourcetype, add a KV_MODE = auto to it";"Dummy result"
"";new;"Upload a sample to the sourcetype,  can use 'sample.v4.mcafee_epo' from https://git.splunk.com/projects/SOLN/repos/ta-mcafee/browse/package/samples.";"Dummy result"
"";new;"Add an eventtype using that sourcetype.";"Dummy result"
new;Create eventtype naming check;2016-07-18;0;;"";0;NormalizeData;"";"";""
"";Step Id;Action;Result
"";new;"Use Add-on Builder to create a TA, restart splunk";"Dummy result"
"";new;"In step 3, add a sourcetype ""sourcetype1"" for it.";"Dummy result"
"";new;"Add an eventtype ""eventtype1"" using ""sourcetype1""";"Dummy result"
"";new;"Use Add-on Builder to create another TA, restart splunk";"Dummy result"
"";new;"In step3, add a sourcetype ""sourcetype2"" for it.";"Dummy result"
"";new;"Add an eventtype with previous name ""eventtype1"" using ""sourcetype2""";"Dummy result"
new;Add eventtype;2016-07-18;0;;"";0;NormalizeData;"";"";""
"";Step Id;Action;Result
"";new;Dummy action;Dummy result
new;Cim loaded correctly;2016-07-18;0;;"";0;NormalizeData;"";"";""
"";Step Id;Action;Result
"";new;Dummy action;Dummy result
new;Kv mode support for cim mapping;2016-07-18;0;;"";0;NormalizeData;"";"";""
"";Step Id;Action;Result
"";new;"Use add-on Builder to create a new TA";"Dummy result"
"";new;"Add a new sourcetype, set its KV_MODE to none";"Dummy result"
"";new;"Upload a K=V format sample for the created sourcetype";"Dummy result"
"";new;"Add an eventtype based on the sourcetype";"Dummy result"
"";new;"When select event field from eventtype, there are only default fields, as KV_MODE is set to none";"Dummy result"
"";new;"Edit the sourcetype, change KV_MODE to auto";"Dummy result"
"";new;"Select the event field again";"Dummy result"
new;Map eventtype field to cim;2016-07-18;0;;"";0;NormalizeData;"";"";""
"";Step Id;Action;Result
"";new;Dummy action;Dummy result
new;Eval eventtype field to cim;2016-07-18;0;;"";0;NormalizeData;"";"";""
"";Step Id;Action;Result
"";new;Dummy action;Dummy result
new;Eval constant to cim;2016-07-18;0;;"";0;NormalizeData;"";"";""
"";Step Id;Action;Result
"";new;Dummy action;Dummy result
new;Backend props conf updated;2016-07-18;0;;"";0;NormalizeData;"";"";""
"";Step Id;Action;Result
"";new;Dummy action;Dummy result
new;Backend eventtypes conf updated;2016-07-18;0;;"";0;NormalizeData;"";"";""
"";Step Id;Action;Result
"";new;Dummy action;Dummy result
new;Backend tags conf updated;2016-07-18;0;;"";0;NormalizeData;"";"";""
"";Step Id;Action;Result
"";new;Dummy action;Dummy result
new;Delete map and eval;2016-07-18;0;;"";0;NormalizeData;"";"";""
"";Step Id;Action;Result
"";new;Dummy action;Dummy result
new;Eventtype name can not be duplicate;2016-07-18;0;;"";0;NormalizeData;"";"";""
"";Step Id;Action;Result
"";new;Dummy action;Dummy result
new;Normalize page navigation;2016-07-18;0;;"";0;NormalizeData;"";"";""
"";Step Id;Action;Result
"";new;Dummy action;Dummy result
new;Map imported sourcetype;2016-07-18;0;;"";0;NormalizeData;"";"";""
"";Step Id;Action;Result
"";new;"<p>Add sourcetype from Splunk</p>";"Dummy result"
"";new;"<p>Perform field extraction for the sourcetype</p>";"Dummy result"
"";new;"<p>Create a new eventtype with the imported sourcetype</p>";"<p>eventtype should be created. Backend eventtypes.conf is updated.</p>"
"";new;"<p>Map a field to CIM model</p>";"<p>Map successful. Backend tags.conf, props.conf are updated.</p>"
"";new;"<p>Validate the add-on</p>";"<p>All rules should pass</p>"
"";new;"<p>Delete the map in CIM page</p>";"<p>Backend confs are updated</p>"
"";new;"<p>Create a eval for CIM mapping</p>";"<p>Backend confs are updated.</p>"
"";new;"<p>Go to sourcetype manager, delete the added sourcetype</p>";"<p>Backend confs are updated.</p>
<p>UI pages for sourcetype manager, field extraction, CIM mapping are updated.</p>"
new;Check left side navigation bar;2016-07-18;0;;"";0;Summarize;"";"";""
"";Step Id;Action;Result
"";new;"Create project.";"Dummy result"
"";new;"Restart";"Dummy result"
"";new;"Navigate to Summarize step.";"Dummy result"
"";new;"Download package and click on 'Done'";"Dummy result"
"";new;"Open the project again.";"Dummy result"
"";new;"Navigate to validation step. And perform Validation";"Dummy result"
"";new;"Go to Summarize and click on 'Done'";"Dummy result"
"";new;"Open project again";"Dummy result"
new;Check summary info;2016-07-18;0;;"";0;Summarize;"";"";""
"";Step Id;Action;Result
"";new;Dummy action;Dummy result
new;Download package;2016-07-18;0;;"";0;Summarize;"";"";""
"";Step Id;Action;Result
"";new;Dummy action;Dummy result
new;Check package user configuration;2016-07-18;0;;"";0;Summarize;"";"";""
"";Step Id;Action;Result
"";new;"Create project";"Dummy result"
"";new;"Create setup page with variables including encrypted ones";"Dummy result"
"";new;"Restart";"Dummy result"
"";new;"Open setup page and set the values.";"Dummy result"
"";new;"Go to package step and download";"Dummy result"
new;Check app conf content;2016-07-18;0;;"";0;Summarize;"";"";""
"";Step Id;Action;Result
"";new;Dummy action;Dummy result
new;Summary page navigation;2016-07-18;0;;"";0;Summarize;"";"";""
"";Step Id;Action;Result
"";new;Dummy action;Dummy result
new;Summary down import splunk sourcetype;2016-07-18;0;;"";0;Summarize;"";"";""
"";Step Id;Action;Result
"";new;Dummy action;Dummy result
new;User can skip restart and navigate to step2 if renaming project is failed;2016-07-18;0;;"";0;Unprocessed;"";"";""
"";Step Id;Action;Result
"";new;"(On Windows platform Splunk) Create project and restart";"Dummy result"
"";new;"Open the project folder under etc/apps so OS will lock the files";"Dummy result"
"";new;"Open project and rename";"Dummy result"
"";new;"Click on Next";"Dummy result"
new;Should provide error message in front-end when exception occurred in getting kv store;2016-07-18;0;;"";0;Unprocessed;"";"";""
"";Step Id;Action;Result
"";new;Dummy action;Dummy result
new;Should add validation check for setup page's customized variables;2016-07-18;0;;"";0;Unprocessed;"";"";""
"";Step Id;Action;Result
"";new;Dummy action;Dummy result
new;Should stop same cim map under different eventtypes with same sourcetype;2016-07-18;0;;"";0;Unprocessed;"";"";""
"";Step Id;Action;Result
"";new;"Create a new TA";"Dummy result"
"";new;"Add a sourcetype ""sourcetype1"" in step 3, and upload a sample for it";"Dummy result"
"";new;"Add two eventtype: ""eventtype1"", ""eventtype2"" based on ""sourcetype1""";"Dummy result"
"";new;"Map one field in ""eventtype1"" to Alert.app";"Dummy result"
"";new;"Map the same field in ""eventtype2"" to Alert.app";"Dummy result"
new;Incorrect page jump after add/delete sourcetype in step 2 when step 5 is already done;2016-07-18;0;;"";0;Unprocessed;"";"";""
"";Step Id;Action;Result
"";new;"Use add-on Builder to create a new TA, skip step2, restart splunk";"Dummy result"
"";new;"Create a sourcetype in step 3, upload some sample for it";"Dummy result"
"";new;"Skip step 4";"Dummy result"
"";new;"Do some CIM Mapping in step5";"Dummy result"
"";new;"Go back to step 2 again, add a shell command sourcetype for it, restart splunk";"Dummy result"
new;Proxy etc info in setup page will not be used in rest/command input;2016-07-18;0;;"";0;Unprocessed;"";"";""
"";Step Id;Action;Result
"";new;Dummy action;Dummy result
new;Disorder of code sequence in props.conf;2016-07-18;0;;"";0;Unprocessed;"";"";""
"";Step Id;Action;Result
"";new;"Use Add-on Builder to create a new TA, enter proper info, get data in";"Dummy result"
"";new;"Do CIM Mapping to defined eventtype, add following fields by order: url, vendor_product, category. Like Fig1.";"Dummy result"
"";new;"Check at backend. The props.conf looks like:";"Dummy result"
new;Check warning message redundancy;2016-07-18;0;;"";0;Validate;"";"";""
"";Step Id;Action;Result
"";new;Dummy action;Dummy result
new;Neat validation result display;2016-07-18;0;;"";0;Validate;"";"";""
"";Step Id;Action;Result
"";new;"Dummy action";"Dummy result"
new;Validator all index support;2016-07-18;0;;"";0;Validate;"";"";""
"";Step Id;Action;Result
"";new;Dummy action;Dummy result
new;Check health indicator;2016-07-18;0;;"";0;Validate;"";"";""
"";Step Id;Action;Result
"";new;Dummy action;Dummy result
new;Check solution suggestion field;2016-07-18;0;;"";0;Validate;"";"";""
"";Step Id;Action;Result
"";new;Dummy action;Dummy result
new;Windows compatibility;2016-07-18;0;;"";0;Validate;"";"";""
"";Step Id;Action;Result
"";new;"Install a TA with modular input, example: Splunk_TA_box on Windows";"Dummy result"
"";new;"Run validation for it, make sure ""Modular Input"" is selected";"Dummy result"
"";new;"Check the validation result by search command
index=add_on_builder_index source=tabuilder validation_id=v_1457933983_31 category=modular_input_validation";"Dummy result"
new;Check all sourcetypes validated;2016-07-18;0;;"";0;Validate;"";"";""
"";Step Id;Action;Result
"";new;Dummy action;Dummy result
new;Refine field conflict check for input field;2016-07-18;0;;"";0;Validate;"";"";""
"";Step Id;Action;Result
"";new;Dummy action;Dummy result
new;Lookup absolute/relative path support;2016-07-18;0;;"";0;Validate;"";"";""
"";Step Id;Action;Result
"";new;Dummy action;Dummy result
new;Check health score formula;2016-07-18;0;;"";0;Validate;"";"";""
"";Step Id;Action;Result
"";new;Dummy action;Dummy result
new;Multi click validate;2016-07-18;0;;"";0;Validate;"";"";""
"";Step Id;Action;Result
"";new;"Use add-on Builder to create a TA";"Dummy result"
"";new;"Add a modular input to it, restart splunk";"Dummy result"
"";new;"Run validation for it, make sure ""Modular Input"" is select";"Dummy result"
"";new;"Check the validation result when is done, category ""modular_input_validation"" is available in the validation result";"Dummy result"
"";new;"Run validation for it again, check the validation result for ""Modular Input""";"Dummy result"
new;Best practice validator scan scope;2016-07-18;0;;"";0;Validate;"";"";""
"";Step Id;Action;Result
"";new;Dummy action;Dummy result
new;Check passed rule events;2016-07-18;0;;"";0;Validate;"";"";""
"";Step Id;Action;Result
"";new;Dummy action;Dummy result
new;Check local props conf after validation;2016-07-18;0;;"";0;Validate;"";"";""
"";Step Id;Action;Result
"";new;"Install Splunk_TA_websence-cg from http://repo.splunk.com/artifactory/Solutions/TA/TA-websense-cg/releases/1.0.x/1.0.0/RC2/";"Dummy result"
"";new;"Create a local folder under Splunk_TA_websence-cg's package, and add a props.conf:
[websense:cg:kv]
EVAL-severity = ""test""";"Dummy result"
"";new;"Use add-on builder to validate it, wait until the validation is done";"Dummy result"
"";new;"Check the validation result, check the local folder to see if props.conf is still there";"Dummy result"
new;Rule out comment code;2016-07-18;0;;"";0;Validate;"";"";""
"";Step Id;Action;Result
"";new;"Install Splunk_TA_cisco-asa from http://repo.splunk.com/artifactory/Solutions/TA/TA-cisco-asa/releases/3.2.x/3.2.4/";"Dummy result"
"";new;"Use add-on builder to validate it, make sure ""best practice"" is selected";"Dummy result"
"";new;"Check the validation result.";"Dummy result"
new;Extract in props conf support;2016-07-18;0;;"";0;Validate;"";"";""
"";Step Id;Action;Result
"";new;Dummy action;Dummy result
new;Fieldalias naming convention support;2016-07-18;0;;"";0;Validate;"";"";""
"";Step Id;Action;Result
"";new;Dummy action;Dummy result
new;Check tool bar for each panel;2016-07-18;0;;"";0;Validate;"";"";""
"";Step Id;Action;Result
"";new;Dummy action;Dummy result
new;Check concurrent search maximum;2016-07-18;0;;"";0;Validate;"";"";""
"";Step Id;Action;Result
"";new;"Install Splunk_TA_aws from http://repo.splunk.com/artifactory/Solutions/TA/TA-aws/releases/3.0.x/";"Dummy result"
"";new;"Use Add-on Builder to validate it, wait for the validation work to be done. This is done in brower's Page1";"Dummy result"
"";new;"Open another page in the browser (let's call it Page2), validate Splunk_TA_aws again";"Dummy result"
new;Support extract fields by delims;2016-07-18;0;;"";0;Validate;"";"";""
"";Step Id;Action;Result
"";new;"Create a new TA by yourself, use the following conf files:
<p>props.conf:</p>
<p>[nessus1]</p>
<div>REPORT-222auto_kv_for_nessus = auto_kv_for_nessus1</div>
<div>FIELDALIAS-nessus_bugtraq1 = f1 AS m1</div>
<div>FIELDALIAS-nessus_bugtraq2 = f2 AS f3</div>
<div>&nbsp;</div>
<div>transform.conf:</div>
<div>[auto_kv_for_nessus1]</div>
<div>DELIMS = &quot;,&quot;</div>
<div>FIELDS = f1, f2, f3</div>
<div>&nbsp;</div>
<p>&nbsp;</p>";"Dummy result"
"";new;"monitor a file with sourcetype 'nessus1', get it indexed";"Dummy result"
"";new;"Use Add-on Builder to validate the created TA";"Dummy result"
new;Xml parser generated scheme support;2016-07-18;0;;"";0;Validate;"";"";""
"";Step Id;Action;Result
"";new;Dummy action;Dummy result
new;Check dashboard ui;2016-07-18;0;;"";0;Validate;"";"";""
"";Step Id;Action;Result
"";new;"Dashboard enhancement: only refresh when necessary.";"Dummy result"
"";new;"Progress bar improvement.";"Dummy result"
new;Multiple tag support for field coverage validation;2016-07-18;0;;"";0;Validate;"";"";""
"";Step Id;Action;Result
"";new;"Install Splunk_TA_symantec-dlp from http://repo.splunk.com/artifactory/Solutions/TA/TA-symantec-dlp/releases/1.0.x/1.0.0/RC2/";"Dummy result"
"";new;"Add a tag 'network' for eventtype ""symantec_dlp_alert""";"Dummy result"
"";new;"Use Add-on Builder to validate Splunk_TA_symantec-dlp";"Dummy result"
"";new;"Multiple field coverage warning are shown, such as:
Field ""{network}.transport"" coverage is ""0.0"" lower than expect ""1.0"" within eventtype ""symantec_dlp_alert""";"Dummy result"
"";new;"Edit the 'field_validator.conf' under default folder of Add-on Builder, change the rule?
{network}.transport = 1 &nbsp;to &nbsp;{network,web}.transport = 1";"Dummy result"
"";new;"Run validator again";"Dummy result"
new;Check panel search query;2016-07-18;0;;"";0;Validate;"";"";""
"";Step Id;Action;Result
"";new;"Install Splunk_TA_juniper from http://repo.splunk.com/artifactory/Solutions/TA/TA-juniper/releases/1.0.x/1.0.1/RC1/";"Dummy result"
"";new;"Use Add-on Builder to validate it, make sure the four validation categories are all selected";"Dummy result"
"";new;"Open the panel: ""Validation Result Distribution"" in search.";"Dummy result"
"";new;"The search command looks like:
source=tabuilder validation_id=your_validation_id ext_data.is_visible=true status!="""" | eval validation_result=Pass | chart count(validation_id) as results over validation_result";"Dummy result"
"";new;"Change the search command to check the category of the result:
source=tabuilder validation_id=your_validation_id ext_data.is_visible=true status != """" | dedup category | table category";"Dummy result"
new;Check rule coverage for field extraction validation;2016-07-18;0;;"";0;Validate;"";"";""
"";Step Id;Action;Result
"";new;"Install Splunk_TA_juniper from http://repo.splunk.com/artifactory/Solutions/TA/TA-juniper/releases/1.0.x/1.0.1/RC1/";"Dummy result"
"";new;"Use Add-on Builder to validate it, make sure ""Field Extract"" is selected";"Dummy result"
"";new;"Run search command:
source=tabuilder validation_id=your_validation_id category=""Field Extraction"" | dedup rule_name | table rule_name";"Dummy result"
new;Check validation result category;2016-07-18;0;;"";0;Validate;"";"";""
"";Step Id;Action;Result
"";new;"Install Add-on Builder and some TA";"Dummy result"
"";new;"Use Add-on Builder to validate the TA's best practice";"Dummy result"
"";new;"Run search command:
source=tabuilder NOT category=*";"There should be no match result."
new;No exception msg for validation;2016-07-18;0;;"";0;Validate;"";"";""
"";Step Id;Action;Result
"";new;"Install Add-on Builder and Splunk_TA_haproxy (attched)";"Dummy result"
"";new;"Use Add-on Builder to validate Splunk_TA_haproxy";"Dummy result"
"";new;"Run search command:
source=tabuilder validation_id=<your_validation_id> exception_msg=*";"Dummy result"
new;Support regex field extraction in transform;2016-07-18;0;;"";0;Validate;"";"";""
"";Step Id;Action;Result
"";new;"Install Add-on Builder , SA-Eventgen2, Splunk_TA_symantec-dlp (attached)";"Dummy result"
"";new;"Enable eventgen";"Dummy result"
"";new;"Use Add-on Builder to validate Splunk_TA_symantec-dlp";"Dummy result"
"";new;"Run search command:
source=tabuilder ta_name=Splunk_TA_symantec-dlp category=""Field Extraction"" rule_name=""Field conflict check"" status=Fail";"No match events."
new;Support format field extraction with $1::$2;2016-07-18;0;;"";0;Validate;"";"";""
"";Step Id;Action;Result
"";new;"Install Add-on Builder and Splunk_TA_Cyberark (http://repo.splunk.com/artifactory/Solutions/TA/TA-cyberark/releases/1.0.x/1.0.0/RC4/)";"Dummy result"
"";new;"Use Add-on Builder to validate Splunk_TA_Cyberark";"Dummy result"
"";new;"Run search command:
source=tabuilder ta_name=Splunk_TA_cyberark category=""Field Extraction"" status=Fail";"No events returned."
new;Check field coverage for cim mapping;2016-07-18;0;;"";0;Validate;"";"";""
"";Step Id;Action;Result
"";new;"Install Add-on Builder and TA_For_Test_2 (attached)";"Dummy result"
"";new;"Use Add-on Builder to validate the TA_For_Test_2";"Dummy result"
"";new;"Run search command:
source=tabuilder ta_name=TA_For_Test_2 category=""CIM mapping"" status=Fail";"No match events."
new;Support eventtype with no tag;2016-07-18;0;;"";0;Validate;"";"";""
"";Step Id;Action;Result
"";new;"Install Add-on Builder and Splunk_TA_haproxy-24(attached)";"Dummy result"
"";new;"Use Add-on Builder to validate Splunk_TA_haproxy.";"Dummy result"
"";new;"Search for the validation result.";"Dummy result"
new;Incorrect field conflict check result;2016-07-18;0;;"";0;Validate;"";"";""
"";Step Id;Action;Result
"";new;"Install TA Builder and TA_For_Test_1(attached)";"Dummy result"
"";new;"Use TA Builder to validate TA_For_Test_1, make sure that 'Field Extract' is selected";"Dummy result"
"";new;"Run search command:";"Dummy result"
new;Check script input inputs conf spec;2016-07-18;0;;"";0;Validate;"";"";""
"";Step Id;Action;Result
"";new;Dummy action;Dummy result
new;Support lookup field extraction;2016-07-18;0;;"";0;Validate;"";"";""
"";Step Id;Action;Result
"";new;"Use add-on Builder to validate Splunk_TA_mcafee(http://repo.splunk.com/artifactory/Solutions/TA/TA-mcafee/releases/2.1.x/2.1.2/)";"Dummy result"
"";new;"Check validation result for ""LOOKUP-action_for_mcafee_epo"".";"Knowledge object ""LOOKUP-action_for_mcafee_epo"" used by any events in sourcetype ""mcafee:epo"" should be detected to validate."
new;Check all validator applied;2016-07-18;0;;"";0;Validate;"";"";""
"";Step Id;Action;Result
"";new;Dummy action;Dummy result
new;Check validation page ui;2016-07-18;0;;"";0;Validate;"";"";""
"";Step Id;Action;Result
"";new;Dummy action;Dummy result
new;Data input validation concurrency;2016-07-18;0;;"";0;Validate;"";"";""
"";Step Id;Action;Result
"";new;Dummy action;Dummy result
new;Data input validation performance;2016-07-18;0;;"";0;Validate;"";"";""
"";Step Id;Action;Result
"";new;Dummy action;Dummy result
new;Check validation results;2016-07-18;0;;"";0;Validate;"";"";""
"";Step Id;Action;Result
"";new;"Enter Add-on builder";"Dummy result"
"";new;"Select Bro IDS add-on";"Dummy result"
"";new;"Navigate to validation page. Click on 'validate' button";"Dummy result"
new;Select validation category;2016-07-18;0;;"";0;Validate;"";"";""
"";Step Id;Action;Result
"";new;Dummy action;Dummy result
new;Dashboard no error;2016-07-18;0;;"";0;Validate;"";"";""
"";Step Id;Action;Result
"";new;Dummy action;Dummy result
new;Different combination of categories;2016-07-18;0;;"";0;Validate;"";"";""
"";Step Id;Action;Result
"";new;Dummy action;Dummy result
new;Chart drilldown;2016-07-18;0;;"";0;Validate;"";"";""
"";Step Id;Action;Result
"";new;Dummy action;Dummy result
new;Validation page navigation;2016-07-18;0;;"";0;Validate;"";"";""
"";Step Id;Action;Result
"";new;Dummy action;Dummy result
